1,Get Port Object,module.ports.obtain(),Obtain a port object representing a specific port on a module
2,Release Port,port.reservation.set_release(),Release the port
3,Relinquish Port,port.reservation.set_relinquish(),Relinquish the port
4,Reserve Port,port.reservation.set_reserve(),Reserve the port
5,Get Port Reservation Status,port.reservation.get(),Get the current reservation status of the port
6,Get Port Reserved By,port.reserved_by.get(),Get the current reservation status of the port
7,Set Port Description,port.comment.set(),Set a text description of the port
8,Get Port Description,port.comment.get(),Get a text description of the port
9,Get Interface Name,port.interface.get(),Get the interface name of the port
10,Reset Port,port.reset.set(),Reset the port and clear configuration and statistics
11,Flash Port LEDs On,port.flash.set_on(),Turn on port LED flashing with 1-second interval
12,Flash Port LEDs Off,port.flash.set_off(),Turn off port LED flashing
13,Get Flash Status,port.flash.get(),Get the current port LED flash status
14,Get Sync Status,port.sync_status.get(),Get the port synchronization status
15,Enable TX Output,port.tx_config.enable.set_on(),Enable the port transmitter
16,Disable TX Output,port.tx_config.enable.set_off(),Disable the port transmitter
17,Get TX Output Status,port.tx_config.enable.get(),Get the transmit output status
18,Set TX Time Limit,port.tx_config.time_limit.set(),Set the transmit time limit in microseconds
19,Get TX Time Limit,port.tx_config.time_limit.get(),Get the transmit time limit in microseconds
20,Set TX Packet Limit,port.tx_config.packet_limit.set(),Set the transmit packet count limit
21,Get TX Packet Limit,port.tx_config.packet_limit.get(),Get the transmit packet count limit
22,Get TX Time Elapsed,port.tx_config.time.get(),Get the elapsed transmit time
23,Get TX Delay,port.tx_config.delay.get(),Get the transmit delay
24,Set TX Prepare,port.tx_config.prepare.set(),Prepare the port for transmission
25,Start Traffic,port.traffic.state.set_start(),Start traffic transmission
26,Stop Traffic,port.traffic.state.set_stop(),Stop traffic transmission
27,Get Traffic State,port.traffic.state.get(),Get the current traffic state
28,Get Traffic Error,port.traffic.error.get(),Get the traffic error status
29,Send Manual Packet,port.tx_single_pkt.send.set(),Transmit a single manually specified packet
30,Get Manual Packet Time,port.tx_single_pkt.time.get(),Get the time the manual packet was sent
31,Disable Dynamic Traffic,port.dynamic.set_off(),Disable dynamic traffic on the port
32,Enable Dynamic Traffic,port.dynamic.set_on(),Enable dynamic traffic on the port
33,Get Dynamic Traffic Status,port.dynamic.get(),Get the current dynamic traffic status
34,Set Rate Fraction,port.rate.fraction.set(),Set the transmit rate as a fraction (ppm)
35,Get Rate Fraction,port.rate.fraction.get(),Get the port rate fraction
36,Set Rate L2 Bits Per Second,port.rate.l2_bps.set(),Set the transmit rate in L2 bits per second
37,Get Rate L2 Bits Per Second,port.rate.l2_bps.get(),Get the port rate in L2 bits per second
38,Set Rate Frames Per Second,port.rate.pps.set(),Set the transmit rate in frames per second
39,Get Rate Frames Per Second,port.rate.pps.get(),Get the port rate in frames per second
40,Set TX Mode Normal,port.tx_config.mode.set_normal(),Set transmit mode to normal
41,Set TX Mode Burst,port.tx_config.mode.set_burst(),Set transmit mode to burst
42,Set TX Mode Sequential,port.tx_config.mode.set_sequential(),Set transmit mode to sequential
43,Set TX Mode Strict Uniform,port.tx_config.mode.set_strictuniform(),Set transmit mode to strict uniform
44,Get TX Mode,port.tx_config.mode.get(),Get the current transmit mode
45,Set Burst Period,port.tx_config.burst_period.set(),Set the burst period in milliseconds
46,Get Burst Period,port.tx_config.burst_period.get(),Get the burst period
47,Set Inter-frame Gap,port.interframe_gap.set(),Set the inter-frame gap minimum byte count
48,Get Inter-frame Gap,port.interframe_gap.get(),Get the inter-frame gap
49,Set Speed Mode Auto,port.speed.mode.selection.set_auto(),Set speed mode to auto-negotiation
50,Set Speed Mode 10M,port.speed.mode.selection.set_f10m(),Set speed mode to 10 Mbps
51,Set Speed Mode 10M/100M,port.speed.mode.selection.set_f10m100m(),Set speed mode to 10/100 Mbps
52,Set Speed Mode 10M HDX,port.speed.mode.selection.set_f10mhdx(),Set speed mode to 10 Mbps half-duplex
53,Set Speed Mode 100M,port.speed.mode.selection.set_f100m(),Set speed mode to 100 Mbps
54,Set Speed Mode 100M/1G,port.speed.mode.selection.set_f100m1g(),Set speed mode to 100 Mbps/1 Gbps
55,Set Speed Mode 100M/1G/10G,port.speed.mode.selection.set_f100m1g10g(),Set speed mode to 100 Mbps/1 Gbps/10 Gbps
56,Set Speed Mode 100M/1G/2.5G,port.speed.mode.selection.set_f100m1g2500m(),Set speed mode to 100 Mbps/1 Gbps/2.5 Gbps
57,Set Speed Mode 100M HDX,port.speed.mode.selection.set_f100mhdx(),Set speed mode to 100 Mbps half-duplex
58,Set Speed Mode 1G,port.speed.mode.selection.set_f1g(),Set speed mode to 1 Gbps
59,Set Speed Mode 2.5G,port.speed.mode.selection.set_f2500m(),Set speed mode to 2.5 Gbps
60,Set Speed Mode 5G,port.speed.mode.selection.set_f5g(),Set speed mode to 5 Gbps
61,Set Speed Mode 10G,port.speed.mode.selection.set_f10g(),Set speed mode to 10 Gbps
62,Set Speed Mode 40G,port.speed.mode.selection.set_f40g(),Set speed mode to 40 Gbps
63,Set Speed Mode 100G,port.speed.mode.selection.set_f100g(),Set speed mode to 100 Gbps
64,Get Speed Mode Selection,port.speed.mode.selection.get(),Get the current speed mode selection
65,Get Supported Speed Modes,port.speed.mode.supported.get(),Get the supported speed modes for the port
66,Get Current Speed,port.speed.current.get(),Get the current port speed
67,Set Speed Reduction,port.speed.reduction.set(),Set the speed reduction in ppm
68,Get Speed Reduction,port.speed.reduction.get(),Get the speed reduction in ppm
69,Get Optical RX Power,port.status.get(),Get the optical RX power status
70,Set MAC Address,port.net_config.mac_address.set(),Set the MAC address of the port
71,Get MAC Address,port.net_config.mac_address.get(),Get the MAC address of the port
72,Set Auto MAC Training,port.autotrain.set(),Set the auto MAC training interval
73,Get Auto MAC Training,port.autotrain.get(),Get the auto MAC training interval
74,Enable PAUSE,port.pause.set_on(),Enable PAUSE frame support
75,Disable PAUSE,port.pause.set_off(),Disable PAUSE frame support
76,Get PAUSE Status,port.pause.get(),Get the PAUSE frame support status
77,Set PFC Enable,port.pfc_enable.set(),Set PFC enable for each CoS
78,Get PFC Enable,port.pfc_enable.get(),Get PFC enable status for each CoS
79,Set Gap Monitor,port.gap_monitor.set(),Set the gap monitor start and stop parameters
80,Get Gap Monitor,port.gap_monitor.get(),Get the gap monitor parameters
81,Set Checksum Offset,port.checksum.set(),Set the checksum offset
82,Get Checksum Offset,port.checksum.get(),Get the checksum offset
83,Set Random Seed,port.random_seed.set(),Set the random seed
84,Get Random Seed,port.random_seed.get(),Get the random seed
85,Set Maximum Header Length,port.max_header_length.set(),Set the maximum header length
86,Get Maximum Header Length,port.max_header_length.get(),Get the maximum header length
87,Set IMIX Weights,port.mix.weights.set(),Set the IMIX frame size weights
88,Get IMIX Weights,port.mix.weights.get(),Get the IMIX frame size weights
89,Set IMIX Frame Sizes,port.mix.lengths[].set(),Set individual IMIX frame sizes
90,Get IMIX Frame Sizes,port.mix.lengths[].get(),Get individual IMIX frame sizes
91,Set Payload Mode Normal,port.payload_mode.set_normal(),Set payload mode to normal
92,Set Payload Mode EXTPL,port.payload_mode.set_extpl(),Set payload mode to extended payload
93,Set Payload Mode CDF,port.payload_mode.set_cdf(),Set payload mode to CDF
94,Get Payload Mode,port.payload_mode.get(),Get the current payload mode
95,Set TPLD Mode Normal,port.tpld_mode.set_normal(),Set TPLD mode to normal
96,Set TPLD Mode Micro,port.tpld_mode.set_micro(),Set TPLD mode to micro
97,Get TPLD Mode,port.tpld_mode.get(),Get the current TPLD mode
98,Set Loopback None,port.loop_back.set_none(),Disable loopback
99,Set Loopback L1RX to TX,port.loop_back.set_l1rx2tx(),Set loopback L1RX to TX
100,Set Loopback L2RX to TX,port.loop_back.set_l2rx2tx(),Set loopback L2RX to TX
101,Set Loopback L3RX to TX,port.loop_back.set_l3rx2tx(),Set loopback L3RX to TX
102,Set Loopback Port to Port,port.loop_back.set_port2port(),Set loopback port to port
103,Set Loopback TXOFF to RX,port.loop_back.set_txoff2rx(),Set loopback TXOFF to RX
104,Set Loopback TXON to RX,port.loop_back.set_txon2rx(),Set loopback TXON to RX
105,Get Loopback Mode,port.loop_back.get(),Get the current loopback mode
106,Set Latency Mode First to First,port.latency_config.mode.set_first2first(),Set latency mode to first to first
107,Set Latency Mode First to Last,port.latency_config.mode.set_first2last(),Set latency mode to first to last
108,Set Latency Mode Last to First,port.latency_config.mode.set_last2first(),Set latency mode to last to first
109,Set Latency Mode Last to Last,port.latency_config.mode.set_last2last(),Set latency mode to last to last
110,Get Latency Mode,port.latency_config.mode.get(),Get the current latency mode
111,Set Latency Offset,port.latency_config.offset.set(),Set the latency offset
112,Get Latency Offset,port.latency_config.offset.get(),Get the latency offset
113,Set IPv4 Address,port.net_config.ipv4.address.set(),Set the IPv4 address configuration
114,Get IPv4 Address,port.net_config.ipv4.address.get(),Get the IPv4 address configuration
115,Enable IPv4 ARP Reply,port.net_config.ipv4.arp_reply.set_on(),Enable ARP reply for IPv4
116,Disable IPv4 ARP Reply,port.net_config.ipv4.arp_reply.set_off(),Disable ARP reply for IPv4
117,Get IPv4 ARP Reply,port.net_config.ipv4.arp_reply.get(),Get the IPv4 ARP reply status
118,Enable IPv4 Ping Reply,port.net_config.ipv4.ping_reply.set_on(),Enable ping reply for IPv4
119,Disable IPv4 Ping Reply,port.net_config.ipv4.ping_reply.set_off(),Disable ping reply for IPv4
120,Get IPv4 Ping Reply,port.net_config.ipv4.ping_reply.get(),Get the IPv4 ping reply status
121,Set IPv6 Address,port.net_config.ipv6.address.set(),Set the IPv6 address configuration
122,Get IPv6 Address,port.net_config.ipv6.address.get(),Get the IPv6 address configuration
123,Enable IPv6 NDP Reply,port.net_config.ipv6.arp_reply.set_on(),Enable NDP reply for IPv6
124,Disable IPv6 NDP Reply,port.net_config.ipv6.arp_reply.set_off(),Disable NDP reply for IPv6
125,Get IPv6 NDP Reply,port.net_config.ipv6.arp_reply.get(),Get the IPv6 NDP reply status
126,Enable IPv6 Ping Reply,port.net_config.ipv6.ping_reply.set_on(),Enable IPv6 ping reply
127,Disable IPv6 Ping Reply,port.net_config.ipv6.ping_reply.set_off(),Disable IPv6 ping reply
128,Get IPv6 Ping Reply,port.net_config.ipv6.ping_reply.get(),Get the IPv6 ping reply status
129,Set IPv4 ARP Table,port.arp_rx_table.set(),Set the IPv4 ARP table entries
130,Get IPv4 ARP Table,port.arp_rx_table.get(),Get the IPv4 ARP table entries
131,Set IPv6 NDP Table,port.ndp_rx_table.set(),Set the IPv6 NDP table entries
132,Get IPv6 NDP Table,port.ndp_rx_table.get(),Get the IPv6 NDP table entries
133,Set IPv4 Multicast JOIN,port.multicast.mode.set(),Set IPv4 multicast mode to JOIN
134,Set IPv4 Multicast LEAVE,port.multicast.mode.set(),Set IPv4 multicast mode to LEAVE
135,Set IPv4 Multicast OFF,port.multicast.mode.set(),Set IPv4 multicast mode to OFF
136,Set IPv4 Multicast ON,port.multicast.mode.set(),Set IPv4 multicast mode to ON
137,Get IPv4 Multicast Mode,port.multicast.mode.get(),Get the current IPv4 multicast mode
138,Set IPv4 Multicast EXCLUDE (IGMPv3),port.multicast.mode_extended.set(),Set IPv4 multicast to EXCLUDE (IGMPv3)
139,Set IPv4 Multicast INCLUDE (IGMPv3),port.multicast.mode_extended.set(),Set IPv4 multicast to INCLUDE (IGMPv3)
140,Set IPv4 Multicast JOIN (IGMPv2),port.multicast.mode_extended.set(),Set IPv4 multicast to JOIN (IGMPv2)
141,Set IPv4 Multicast LEAVE (IGMPv2),port.multicast.mode_extended.set(),Set IPv4 multicast to LEAVE (IGMPv2)
142,Set IPv4 Multicast LEAVE_TO_ALL (IGMPv2),port.multicast.mode_extended.set(),Set IPv4 multicast to LEAVE_TO_ALL (IGMPv2)
143,Set IPv4 Multicast GENERAL_QUERY (IGMPv2),port.multicast.mode_extended.set(),Set IPv4 multicast to GENERAL_QUERY (IGMPv2)
144,Set IPv4 Multicast GROUP_QUERY (IGMPv2),port.multicast.mode_extended.set(),Set IPv4 multicast to GROUP_QUERY (IGMPv2)
145,Set IPv4 Multicast ON (IGMPv2),port.multicast.mode_extended.set(),Set IPv4 multicast to ON (IGMPv2)
146,Set IPv4 Multicast OFF (IGMPv2),port.multicast.mode_extended.set(),Set IPv4 multicast to OFF (IGMPv2)
147,Get IPv4 Multicast Advanced,port.multicast.mode_extended.get(),Get the IPv4 multicast advanced settings
148,Set IPv4 Multicast Source List,port.multicast.source_list.set(),Set the IPv4 multicast source list
149,Get IPv4 Multicast Source List,port.multicast.source_list.get(),Get the IPv4 multicast source list
150,Set IPv4 Multicast Header,port.multicast.header.set(),Set the IPv4 multicast header configuration
151,Get IPv4 Multicast Header,port.multicast.header.get(),Get the IPv4 multicast header configuration
152,Enable UAT Mode,port.uat.mode.set(),Enable UAT detection (Xena1564 test suite)
153,Disable UAT Mode,port.uat.mode.set(),Disable UAT detection (Xena1564 test suite)
154,Get UAT Mode,port.uat.mode.get(),Get UAT mode status (Xena1564 test suite)
155,Get UAT Frame Loss Ratio,port.uat.frame_loss_ratio.get(),Get frame loss ratio threshold for UAT (Xena1564)
156,Get UAT Status,port.statistics.rx.uat.status.get(),Get current UAT status (Xena1564 test suite)
157,Get UAT Time,port.statistics.rx.uat.time.get(),Get total unavailable time in seconds (Xena1564)
158,Set Capture Trigger Criteria,port.capturer.trigger.set(),Set packet capture trigger start and stop criteria
159,Get Capture Trigger Criteria,port.capturer.trigger.get(),Get the packet capture trigger criteria
160,Set Frame to Keep ALL,port.capturer.keep.set(),Set packet capture to keep all frames
161,Set Frame to Keep FCSERR,port.capturer.keep.set(),Set packet capture to keep FCS error frames
162,Set Frame to Keep NOTPLD,port.capturer.keep.set(),Set packet capture to keep non-TPLD frames
163,Set Frame to Keep PLDERR,port.capturer.keep.set(),Set packet capture to keep payload error frames
164,Set Frame to Keep TPLD,port.capturer.keep.set(),Set packet capture to keep TPLD frames
165,Set Frame to Keep FILTER,port.capturer.keep.set(),Set packet capture to keep filtered frames
166,Get Frame to Keep,port.capturer.keep.get(),Get the packet capture frame filter settings
167,Start Packet Capture,port.capturer.state.set_start(),Start packet capture
168,Stop Packet Capture,port.capturer.state.set_stop(),Stop packet capture
169,Get Packet Capture State,port.capturer.state.get(),Get the current packet capture state
170,Get Capture Stats,port.capturer.stats.get(),Get packet capture start time and status
171,Read Captured Packets,port.capturer.obtain_captured(),Retrieve captured packets from the buffer
172,Create Filter,port.filters.create(),Create a new filter on the port
173,Obtain Filter,port.filters.obtain(),Obtain one or multiple existing filters
174,Sync Filters,port.filters.server_sync(),Sync existing filters from port
175,Remove Filter,port.filters.remove(),Remove filter using index
176,Delete Filter,filter.delete(),Remove filter using object
177,Get Filter Index,filter.idx,Get the filter index
178,Get Filter Module/Port Index,filter.kind.module_id/port_id,Get filter's module and port index
179,Enable Filter,filter.enable.set_on(),Enable the filter
180,Disable Filter,filter.enable.set_off(),Disable the filter
181,Get Filter Enable Status,filter.enable.get(),Get the filter enable status
182,Set Filter Description,filter.comment.set(),Set a text description for the filter
183,Get Filter Description,filter.comment.get(),Get the filter description
184,Set Filter Condition,filter.condition.set(),Set the filter condition logic
185,Get Filter Condition,filter.condition.get(),Get the filter condition logic
186,Set Filter String Name,filter.string.set(),Set the string representation name for the filter
187,Get Filter String Name,filter.string.get(),Get the filter string name
188,Create Length Term,port.length_terms.create(),Create a new length term on the port
189,Obtain Length Term,port.length_terms.obtain(),Obtain one or multiple existing length terms
190,Remove Length Term,port.length_terms.remove(),Remove length term using index
191,Delete Length Term,length_term.delete(),Remove length term using object
192,Sync Length Terms,port.length_terms.server_sync(),Sync existing length terms from port
193,Configure Length Term,length_term.length.set(),Set the length check type and size
194,Get Length Term Config,length_term.length.get(),Get the length term configuration
195,Create Match Term,port.match_terms.create(),Create a new match term on the port
196,Obtain Match Term,port.match_terms.obtain(),Obtain one or multiple existing match terms
197,Remove Match Term,port.match_terms.remove(),Remove match term using index
198,Delete Match Term,match_term.delete(),Remove match term using object
199,Sync Match Terms,port.match_terms.server_sync(),Sync existing match terms from port
200,Set Match Term Value,match_term.match.set(),Set the match mask and value
201,Get Match Term Value,match_term.match.get(),Get the match mask and value
202,Set Match Term Position,match_term.position.set(),Set the byte offset for match term
203,Get Match Term Position,match_term.position.get(),Get the match term byte offset
204,Set Match Term Protocol,match_term.protocol.set(),Set the protocol segments for match term
205,Get Match Term Protocol,match_term.protocol.get(),Get the protocol segments for match term
206,Create Histogram,port.datasets.create(),Create a new histogram on the port
207,Obtain Histogram,port.datasets.obtain(),Obtain one or multiple existing histograms
208,Sync Histograms,port.datasets.server_sync(),Sync existing histograms from port
209,Remove Histogram,port.datasets.remove(),Remove histogram using index
210,Delete Histogram,histogram.delete(),Remove histogram using object
211,Enable Histogram,histogram.enable.set_on(),Enable the histogram
212,Disable Histogram,histogram.enable.set_off(),Disable the histogram
213,Get Histogram Enable Status,histogram.enable.get(),Get the histogram enable status
214,Configure Histogram Source TX_IFG,histogram.source.set(),Set histogram source to transmit inter-frame gap
215,Configure Histogram Source TX_LEN,histogram.source.set(),Set histogram source to transmit length
216,Configure Histogram Source RX_IFG,histogram.source.set(),Set histogram source to receive inter-frame gap
217,Configure Histogram Source RX_LEN,histogram.source.set(),Set histogram source to receive length
218,Configure Histogram Source RX_LATENCY,histogram.source.set(),Set histogram source to receive latency
219,Configure Histogram Source RX_JITTER,histogram.source.set(),Set histogram source to receive jitter
220,Get Histogram Source,histogram.source.get(),Get the histogram source configuration
221,Set Histogram Bucket Range,histogram.range.set(),Set the histogram bucket range and step
222,Get Histogram Bucket Range,histogram.range.get(),Get the histogram bucket range configuration
223,Get Histogram Samples,histogram.samples.get(),Get histogram sample data
224,Get Port Error Counter,port.errors_count.get(),Get port error counter
225,Clear TX Statistics,port.statistics.tx.clear.set(),Clear all transmit statistics for the port
226,Get Total TX Traffic Counters,port.statistics.tx.total.get(),Get total bytes and packets transmitted
227,Get TX Non-TPLD Traffic Counter,port.statistics.tx.no_tpld.get(),Get transmit statistics for non-TPLD packets
228,Get Extra TX Counters,port.statistics.tx.extra.get(),Get additional transmit statistics.
229,Get TX Stream Counters,port.statistics.tx.obtain_from_stream().get(),Get transmit statistics for specific stream
230,Clear RX Statistics,port.statistics.rx.clear.set(),Clear all receive statistics for the port
231,Calibrate RX Latency,port.statistics.rx.calibrate.set(),Calibrate latency calculation for received packets
232,Get Total RX Traffic Counters,port.statistics.rx.total.get(),Get total bytes and packets received
233,Get RX Non-TPLD Traffic Counter,port.statistics.rx.no_tpld.get(),Get receive statistics for non-TPLD packets
234,Get RX PFC Counters,port.statistics.rx.pfc_stats.get(),Get received Priority Flow Control (PFC) statistics
235,Get Extra RX Counters,port.statistics.rx.extra.get(),Get additional receive statistics.
236,Get Received TPLDs,port.statistics.rx.obtain_available_tplds(),Get set of test payload IDs in received packets
237,Get RX Error Counters Per TPLD,port.statistics.rx.access_tpld().errors.get(),Get receive error statistics per TPLD
238,Get RX Latency Counter Per TPLD,port.statistics.rx.access_tpld().latency.get(),Get receive latency statistics per TPLD
239,Get RX Jitter Counter Per TPLD,port.statistics.rx.access_tpld().jitter.get(),Get receive jitter statistics per TPLD
240,Get RX Traffic Counters Per TPLD,port.statistics.rx.access_tpld().traffic.get(),Get receive traffic statistics per TPLD
241,Get RX Filtered Traffic Counters,port.statistics.rx.obtain_filter_statistics().get(),Get receive statistics for filtered packets
242,Set MDI/MDIX Mode Auto,port.mdix_mode.set_auto(),Set MDI/MDIX mode to auto (Odin 1G)
243,Set MDI/MDIX Mode MDI,port.mdix_mode.set_mdi(),Set MDI/MDIX mode to MDI (Odin 1G)
244,Set MDI/MDIX Mode MDIX,port.mdix_mode.set_mdix(),Set MDI/MDIX mode to MDIX (Odin 1G)
245,Get MDI/MDIX Mode,port.mdix_mode.get(),Get the MDI/MDIX mode (Odin 1G)
246,Set BroadR Reach Master,port.brr.mode.set_master(),Set BroadR Reach mode to master (Odin T1)
247,Set BroadR Reach Slave,port.brr.mode.set_slave(),Set BroadR Reach mode to slave (Odin T1)
248,Get BroadR Reach Mode,port.brr.mode.get(),Get the BroadR Reach mode (Odin T1)
249,Get BroadR Reach Status,port.brr.status.get(),Get the BroadR Reach status (Odin T1)
250,Get EEE Capabilities,port.eee.capabilities.get(),Get Energy Efficient Ethernet capabilities (Odin 10G)
251,Get EEE Partner Capabilities,port.eee.partner_capabilities.get(),Get EEE partner capabilities (Odin 10G)
252,Disable EEE,port.eee.enable.set_off(),Disable Energy Efficient Ethernet (Odin 10G)
253,Enable EEE,port.eee.enable.set_on(),Enable Energy Efficient Ethernet (Odin 10G)
254,Get EEE Enable,port.eee.enable.get(),Get EEE enable status (Odin 10G)
255,Set EEE Low Power TX Mode Off,port.eee.mode.set_off(),Set EEE low power TX mode to off (Odin 10G)
256,Set EEE Low Power TX Mode On,port.eee.mode.set_on(),Set EEE low power TX mode to on (Odin 10G)
257,Get EEE Mode,port.eee.mode.get(),Get EEE low power TX mode (Odin 10G)
258,Get EEE RX Power,port.eee.rx_power.get(),Get EEE RX power (Odin 10G)
259,Get EEE SNR Margin,port.eee.snr_margin.get(),Get EEE SNR margin (Odin 10G)
260,Get EEE Status,port.eee.status.get(),Get EEE status (Odin 10G)
261,Set Runt RX Length,port.runt.rx_length.set(),Set runt frame RX length (Odin 10G 6S6P-A)
262,Get Runt RX Length,port.runt.rx_length.get(),Get runt frame RX length (Odin 10G 6S6P-A)
263,Set Runt TX Length,port.runt.tx_length.set(),Set runt frame TX length (Odin 10G 6S6P-A)
264,Get Runt TX Length,port.runt.tx_length.get(),Get runt frame TX length (Odin 10G 6S6P-A)
265,Get Runt Length Errors,port.runt.has_length_errors.get(),Get runt frame length errors (Odin 10G 6S6P-A)
266,Enable RX Preamble Insert,port.preamble.rx_insert.set(),Enable preamble insertion on RX (Odin 10G 6S6P-A)
267,Disable RX Preamble Insert,port.preamble.rx_insert.set(),Disable preamble insertion on RX (Odin 10G 6S6P-A)
268,Get RX Preamble Insert,port.preamble.rx_insert.get(),Get RX preamble insertion status (Odin 10G 6S6P-A)
269,Enable TX Preamble Remove,port.preamble.tx_remove.set(),Enable preamble removal on TX (Odin 10G 6S6P-A)
270,Disable TX Preamble Remove,port.preamble.tx_remove.set(),Disable preamble removal on TX (Odin 10G 6S6P-A)
271,Get TX Preamble Remove,port.preamble.tx_remove.get(),Get TX preamble removal status (Odin 10G 6S6P-A)
272,Set Link Flap Params,port.layer1.impairment.link_flap.params.set(),Set link flap configuration (Loki/Thor/Freya/Edun)
273,Get Link Flap Params,port.layer1.impairment.link_flap.params.get(),Get link flap configuration (Loki/Thor/Freya/Edun)
274,Enable Link Flap,port.layer1.impairment.link_flap.enable.set_on(),Enable link flap (Loki/Thor/Freya/Edun)
275,Disable Link Flap,port.layer1.impairment.link_flap.enable.set_off(),Disable link flap (Loki/Thor/Freya/Edun)
276,Get Link Flap Enable,port.layer1.impairment.link_flap.enable.get(),Get link flap enable status (Loki/Thor/Freya/Edun)
277,Set PMA Error Inject Params,port.layer1.impairment.pma_error_inject.params.set(),Set PMA error injection configuration (Loki/Thor/Freya/Edun)
278,Get PMA Error Inject Params,port.layer1.impairment.pma_error_inject.params.get(),Get PMA error injection configuration (Loki/Thor/Freya/Edun)
279,Enable PMA Error Injection,port.layer1.impairment.pma_error_inject.enable.set_on(),Enable PMA error injection (Loki/Thor/Freya/Edun)
280,Disable PMA Error Injection,port.layer1.impairment.pma_error_inject.enable.set_off(),Disable PMA error injection (Loki/Thor/Freya/Edun)
281,Get PMA Error Inject Enable,port.layer1.impairment.pma_error_inject.enable.get(),Get PMA error injection enable status (Loki/Thor/Freya/Edun)
282,Set RS Fault Signaling Disabled,port.layer1.rs_fault.signaling.set_disabled(),Set RS fault signaling to disabled (Loki/Thor/Freya/Edun)
283,Set RS Fault Signaling Force Local,port.layer1.rs_fault.signaling.set_force_local(),Set RS fault signaling to force local (Loki/Thor/Freya/Edun)
284,Set RS Fault Signaling Force Remote,port.layer1.rs_fault.signaling.set_force_remote(),Set RS fault signaling to force remote (Loki/Thor/Freya/Edun)
285,Set RS Fault Signaling Normal,port.layer1.rs_fault.signaling.set_normal(),Set RS fault signaling to normal (Loki/Thor/Freya/Edun)
286,Get RS Fault Signaling,port.layer1.rs_fault.signaling.get(),Get RS fault signaling mode (Loki/Thor/Freya/Edun)
287,Get RS Fault Status,port.layer1.rs_fault.status.get(),Get RS fault status (Loki/Thor/Freya/Edun)
288,Set FEC Mode RS_FEC,port.layer1.pcs_fec.fec_mode.set(),Set FEC mode to RS_FEC (Loki/Thor/Freya/Edun)
289,Set FEC Mode RS_FEC_KP,port.layer1.pcs_fec.fec_mode.set(),Set FEC mode to RS_FEC_KP (Loki/Thor/Freya/Edun)
290,Set FEC Mode RS_FEC_KR,port.layer1.pcs_fec.fec_mode.set(),Set FEC mode to RS_FEC_KR (Loki/Thor/Freya/Edun)
291,Set FEC Mode FC_FEC,port.layer1.pcs_fec.fec_mode.set(),Set FEC mode to FC_FEC (Loki/Thor/Freya/Edun)
292,Set FEC Mode OFF,port.layer1.pcs_fec.fec_mode.set(),Set FEC mode to OFF (Loki/Thor/Freya/Edun)
293,Set FEC Mode ON,port.layer1.pcs_fec.fec_mode.set(),Set FEC mode to ON (Loki/Thor/Freya/Edun)
294,Get FEC Mode,port.layer1.pcs_fec.fec_mode.get(),Get the current FEC mode (Loki/Thor/Freya/Edun)
295,Set PCS TX Config Skew,port.layer1.pcs_fec.lane[].tx_config.set(),Set PCS TX skew configuration (Loki/Thor/Freya/Edun)
296,Get PCS RX Status Skew,port.layer1.pcs_fec.lane[].rx_status.status.get(),Get PCS RX skew status (Loki/Thor/Freya/Edun)
297,Get Lane RX Errors,port.layer1.pcs_fec.lane[].rx_status.errors.get(),Get lane RX BER and error counters (Loki/Thor/Freya/Edun)
298,Get Lane RX Lock,port.layer1.pcs_fec.lane[].rx_status.lock.get(),Get lane RX header lock and align lock status (Loki/Thor/Freya/Edun)
299,Clear PCS/FEC Counters,port.layer1.pcs_fec.clear.set(),Clear PCS/FEC error counters (Loki/Thor/Freya/Edun)
300,Get FEC Symbol Error Distribution,port.layer1.pcs_fec.fec_symbol_status.fec_status.get(),Get RX FEC symbol error distribution (Loki/Thor/Freya/Edun)
301,Get FEC Symbol Total Status,port.layer1.pcs_fec.fec_symbol_status.total_status.get(),Get RX FEC symbol total status and BER (Loki/Thor/Freya/Edun)
302,Get PCS/FEC Alarms,port.layer1.pcs_fec.alarms.errors.get(),Get PCS/FEC error counters and alarms (Loki/Thor/Freya/Edun)
303,Set PRBS Configuration,port.layer1.prbs_config.set(),Set PRBS pattern generation configuration (Loki/Thor/Freya/Edun)
304,Get PRBS Configuration,port.layer1.prbs_config.get(),Get PRBS pattern generation configuration (Loki/Thor/Freya/Edun)
305,Enable PRBS,port.layer1.serdes[].prbs.control.set_on(),Enable PRBS pattern generation (Loki/Thor/Freya/Edun)
306,Disable PRBS,port.layer1.serdes[].prbs.control.set_off(),Disable PRBS pattern generation (Loki/Thor/Freya/Edun)
307,Get PRBS Status,port.layer1.serdes[].prbs.status.get(),Get PRBS bit error and lock status (Loki/Thor/Freya/Edun)
308,Set Gray Coding Configuration,port.layer1.serdes[].pma.graycoding.set(),Set gray coding configuration (Freya/Edun)
309,Get Gray Coding Configuration,port.layer1.serdes[].pma.graycoding.get(),Get gray coding configuration (Freya/Edun)
310,Set Precoding Configuration,port.layer1.serdes[].pma.precoding.set(),Set precoding configuration (Freya/Edun)
311,Get Precoding Configuration,port.layer1.serdes[].pma.precoding.get(),Get precoding configuration (Freya/Edun)
312,Enable P/N Swap TX,port.layer1.serdes[].pma.pn_swap_tx.set_on(),Enable P/N polarity swap on TX (Freya/Edun)
313,Disable P/N Swap TX,port.layer1.serdes[].pma.pn_swap_tx.set_off(),Disable P/N polarity swap on TX (Freya/Edun)
314,Get P/N Swap TX,port.layer1.serdes[].pma.pn_swap_tx.get(),Get P/N polarity swap TX status (Freya/Edun)
315,Enable P/N Swap RX,port.layer1.serdes[].pma.pn_swap_rx.set_on(),Enable P/N polarity swap on RX (Freya/Edun)
316,Disable P/N Swap RX,port.layer1.serdes[].pma.pn_swap_rx.set_off(),Disable P/N polarity swap on RX (Freya/Edun)
317,Get P/N Swap RX,port.layer1.serdes[].pma.pn_swap_rx.get(),Get P/N polarity swap RX status (Freya/Edun)
318,Set PCS Variant ETC,port.layer1.pcs_fec.pcs_variant.set(),Set PCS variant to ETC (Freya/Edun)
319,Set PCS Variant IEEE,port.layer1.pcs_fec.pcs_variant.set(),Set PCS variant to IEEE (Freya/Edun)
320,Get PCS Variant,port.layer1.pcs_fec.pcs_variant.get(),Get the PCS variant (Freya/Edun)
321,Start FEC Error Injection,port.layer1.pcs_fec.fec_error_inject.control.set_start(),Start FEC error injection (Freya/Edun)
322,Stop FEC Error Injection,port.layer1.pcs_fec.fec_error_inject.control.set_stop(),Stop FEC error injection (Freya/Edun)
323,Get FEC Error Injection Status,port.layer1.pcs_fec.fec_error_inject.control.get(),Get FEC error injection status (Freya/Edun)
324,Set FEC Error Codeword Pattern,port.layer1.pcs_fec.fec_error_inject.cycle.set(),Set FEC error codeword pattern (Freya/Edun)
325,Get FEC Error Codeword Pattern,port.layer1.pcs_fec.fec_error_inject.cycle.get(),Get FEC error codeword pattern (Freya/Edun)
326,Set FEC Error Symbol Pattern,port.layer1.pcs_fec.fec_error_inject.err_symbols.set(),Set FEC error symbol pattern (Freya/Edun)
327,Get FEC Error Symbol Pattern,port.layer1.pcs_fec.fec_error_inject.err_symbols.get(),Get FEC error symbol pattern (Freya/Edun)
328,Set FEC Error Bit Mask Static,port.layer1.pcs_fec.fec_error_inject.bit_err_mask.set(),Set FEC error bit mask to static (Freya/Edun)
329,Set FEC Error Bit Mask Rotate High,port.layer1.pcs_fec.fec_error_inject.bit_err_mask.set(),Set FEC error bit mask to rotate high (Freya/Edun)
330,Set FEC Error Bit Mask INC,port.layer1.pcs_fec.fec_error_inject.bit_err_mask.set(),Set FEC error bit mask to increment (Freya/Edun)
331,Set FEC Error Bit Mask All,port.layer1.pcs_fec.fec_error_inject.bit_err_mask.set_all_bits(),Set FEC error bit mask to all bits (Freya/Edun)
332,Set FEC Error Bit Mask None,port.layer1.pcs_fec.fec_error_inject.bit_err_mask.set_no_bits(),Set FEC error bit mask to no bits (Freya/Edun)
333,Get FEC Error Bit Mask,port.layer1.pcs_fec.fec_error_inject.bit_err_mask.get(),Get FEC error bit mask (Freya/Edun)
334,Set FEC Error Engine,port.layer1.pcs_fec.fec_error_inject.engine.set_all_engines(),Set FEC error engine to all engines (Freya/Edun)
335,Get FEC Error Engine,port.layer1.pcs_fec.fec_error_inject.engine.get(),Get FEC error engine setting (Freya/Edun)
336,Get FEC Error Injection Statistics,port.layer1.pcs_fec.fec_error_inject.statistics.get(),Get FEC error injection statistics (Freya/Edun)
337,Clear FEC Error Injection Stats,port.layer1.pcs_fec.fec_error_inject.clear_stats.set(),Clear FEC error injection statistics (Freya/Edun)
338,Set Auto-Negotiation Settings,port.layer1.anlt.autoneg.settings.set(),Set auto-negotiation settings (Thor/Edun)
339,Get Auto-Negotiation Settings,port.layer1.anlt.autoneg.settings.get(),Get auto-negotiation settings (Thor/Edun)
340,Get Auto-Negotiation Status,port.layer1.anlt.autoneg.status.get(),Get auto-negotiation status (Thor/Edun)
341,Set Link Training Settings,port.layer1.anlt.link_training.settings.set(),Set link training settings (Thor/Edun)
342,Get Link Training Settings,port.layer1.anlt.link_training.settings.get(),Get link training settings (Thor/Edun)
343,Get Link Training Status,port.layer1.serdes[].lt_status.get(),Get link training status (Thor/Edun)
344,Transceiver Read/Write,port.transceiver.access_rw().set(),Write to transceiver register
345,Transceiver Read,port.transceiver.access_rw().get(),Read from transceiver register
346,Transceiver Sequential Read/Write,port.transceiver.access_rw_seq().set(),Sequential write to transceiver register
347,Transceiver Sequential Read,port.transceiver.access_rw_seq().get(),Sequential read from transceiver register
348,Transceiver Banked Sequential Read/Write,port.transceiver.access_rw_seq_bank().set(),Sequential banked write to transceiver register
349,Transceiver Banked Sequential Read,port.transceiver.access_rw_seq_bank().get(),Sequential banked read from transceiver register
350,Transceiver MII Write,port.transceiver.access_mii().set(),Write to transceiver MII register
351,Transceiver MII Read,port.transceiver.access_mii().get(),Read from transceiver MII register
352,Configure I2C,port.transceiver.i2c_config.set(),Configure I2C interface parameters
353,Get TX Laser Power,port.transceiver.laser_power.tx_laser_power.get(),Get optical TX power level in nanowatts
354,Get RX Laser Power,port.transceiver.laser_power.rx_laser_power.get(),Get optical RX power level in nanowatts
355,Get CMIS CDB Instances,port.transceiver.cmis.cdb_instances_supported.get(),Get supported CDB instances from CMIS transceiver